Participant ID,Post Order,Post_ID,Trusted_Headline_with_map,Suspicious_Headline_with_map,Trusted_Headline_with_photo,Suspicious_Headline_with_photo,Trusted_Headline_only,Suspicious_Headline_only,Trust,Time,Interest_Maps,Proficiency_Maps,Experienced_Climate,Interest_Climate,Trust_Researchers,Trust_Climate
102,6,1,1,0,0,0,0,0,4,0.86215066,4,3,4,3,3,3
230,7,1,1,0,0,0,0,0,4,0.416835495,2,1,4,1,4,1
112,1,1,1,0,0,0,0,0,4,0.121557556,5,5,5,5,5,3
224,7,1,1,0,0,0,0,0,4,0.042721791,4,4,3,3,3,3
232,8,1,1,0,0,0,0,0,4,-0.150665133,4,4,3,4,4,3
216,1,1,1,0,0,0,0,0,4,-0.212968847,4,2,4,2,3,2
218,3,1,1,0,0,0,0,0,4,-0.443780204,4,3,4,3,3,4
238,4,1,1,0,0,0,0,0,4,-0.46480529,4,3,5,4,4,3
114,8,1,1,0,0,0,0,0,4,-0.880794045,4,4,5,3,5,3
222,4,1,1,0,0,0,0,0,4,-0.939780274,4,3,3,3,3,3
214,7,1,1,0,0,0,0,0,4,-0.993255824,3,3,4,3,3,3
236,8,1,1,0,0,0,0,0,4,-2.045317978,3,2,3,3,4,4
208,4,1,1,0,0,0,0,0,3,1.856162738,3,1,3,2,4,4
104,2,1,1,0,0,0,0,0,3,1.782141242,4,3,3,3,3,2
116,4,1,1,0,0,0,0,0,3,1.408814071,4,4,4,3,4,3
118,2,1,1,0,0,0,0,0,3,1.273622393,4,3,5,4,5,5
206,4,1,1,0,0,0,0,0,3,1.17237893,4,3,5,5,4,2
204,6,1,1,0,0,0,0,0,3,0.807401992,4,2,5,2,4,3
108,5,1,1,0,0,0,0,0,3,0.670263084,5,3,3,4,5,3
220,8,1,1,0,0,0,0,0,3,0.384665528,4,3,2,2,4,2
212,3,1,1,0,0,0,0,0,3,-0.08113136,3,2,4,3,3,2
228,1,1,1,0,0,0,0,0,3,-0.290319228,4,2,4,4,4,4
210,7,1,1,0,0,0,0,0,3,-0.308543523,3,2,4,4,3,3
240,2,1,1,0,0,0,0,0,3,-1.133844756,4,2,4,3,4,5
101,7,1,0,0,0,0,1,0,3,-1.0519309,4,5,5,5,5,4
109,2,1,0,0,0,0,1,0,3,0.214008273,4,2,4,4,3,4
111,7,1,0,0,0,0,1,0,3,-1.575221735,5,4,5,4,5,3
215,3,1,0,0,0,0,1,0,3,-0.462243496,3,1,2,3,5,4
106,1,1,1,0,0,0,0,0,2,0.715850213,4,4,4,4,4,3
110,8,1,1,0,0,0,0,0,2,0.612196505,5,5,4,3,4,3
234,7,1,1,0,0,0,0,0,2,0.133952364,5,4,5,3,3,4
202,8,1,1,0,0,0,0,0,2,-1.063305147,4,3,3,3,3,3
103,1,1,0,0,0,0,1,0,2,-1.904830423,4,2,4,5,5,4
107,1,1,0,0,0,0,1,0,2,-0.608888798,5,4,4,4,5,4
119,1,1,0,0,0,0,1,0,2,-1.489857035,5,4,4,3,4,3
203,6,1,0,0,0,0,1,0,2,-0.371705945,3,2,5,4,5,2
219,1,1,0,0,0,0,1,0,2,-0.46737192,3,4,4,3,5,2
231,1,1,0,0,0,0,1,0,2,-1.702372336,3,1,5,3,4,3
239,4,1,0,0,0,0,1,0,2,-0.11300308,4,3,4,3,3,3
226,6,1,1,0,0,0,0,0,1,-2.270270434,2,2,4,1,3,2
105,8,1,0,0,0,0,1,0,1,-1.783366917,3,4,4,2,4,4
113,5,1,0,0,0,0,1,0,1,-2.095419569,4,4,4,4,4,3
115,5,1,0,0,0,0,1,0,1,-2.475697093,4,5,4,3,4,4
117,7,1,0,0,0,0,1,0,1,-2.361056639,5,4,4,4,5,4
201,3,1,0,0,0,0,1,0,1,-1.700361976,4,1,4,3,4,3
205,3,1,0,0,0,0,1,0,1,-2.08671763,1,3,4,1,5,1
207,2,1,0,0,0,0,1,0,1,-2.281004057,4,3,4,3,4,3
209,3,1,0,0,0,0,1,0,1,-2.458340319,3,2,4,2,5,3
211,5,1,0,0,0,0,1,0,1,-1.851601273,3,4,3,3,4,4
213,6,1,0,0,0,0,1,0,1,-2.652507509,2,1,2,2,4,3
217,8,1,0,0,0,0,1,0,1,-1.614568316,3,2,4,3,4,4
221,1,1,0,0,0,0,1,0,1,-1.642034364,3,2,5,3,4,3
223,5,1,0,0,0,0,1,0,1,-1.960025695,3,2,4,3,4,4
225,8,1,0,0,0,0,1,0,1,-1.880533134,4,2,4,2,4,4
227,6,1,0,0,0,0,1,0,1,-2.577087179,5,4,3,2,4,4
229,5,1,0,0,0,0,1,0,1,-1.33152441,4,2,2,3,2,2
233,6,1,0,0,0,0,1,0,1,-1.946115707,3,2,3,2,2,2
235,8,1,0,0,0,0,1,0,1,-1.081661693,4,3,4,2,4,3
237,3,1,0,0,0,0,1,0,1,-1.069712318,5,4,4,5,4,3
241,3,1,0,0,0,0,1,0,1,-1.782833193,3,3,4,3,4,4
235,3,2,1,0,0,0,0,0,4,1.492718257,4,3,4,2,4,3
237,5,2,1,0,0,0,0,0,4,-0.318747735,5,4,4,5,4,3
231,4,2,1,0,0,0,0,0,4,-0.894885785,3,1,5,3,4,3
112,6,2,0,0,0,0,1,0,3,0.07108971,5,5,5,5,5,3
114,2,2,0,0,0,0,1,0,3,-0.962941842,4,4,5,3,5,3
116,8,2,0,0,0,0,1,0,3,0.822227237,4,4,4,3,4,3
206,1,2,0,0,0,0,1,0,3,-0.810095324,4,3,5,5,4,2
220,4,2,0,0,0,0,1,0,3,0.585779016,4,3,2,2,4,2
226,1,2,0,0,0,0,1,0,3,0.812739785,2,2,4,1,3,2
230,5,2,0,0,0,0,1,0,3,-0.162607793,2,1,4,1,4,1
227,2,2,1,0,0,0,0,0,3,1.470122136,5,4,3,2,4,4
115,2,2,1,0,0,0,0,0,3,1.430736708,4,5,4,3,4,4
239,2,2,1,0,0,0,0,0,3,1.288405955,4,3,4,3,3,3
215,7,2,1,0,0,0,0,0,3,0.959471665,3,1,2,3,5,4
109,1,2,1,0,0,0,0,0,3,0.733827701,4,2,4,4,3,4
105,1,2,1,0,0,0,0,0,3,0.684538075,3,4,4,2,4,4
207,4,2,1,0,0,0,0,0,3,0.602904022,4,3,4,3,4,3
241,2,2,1,0,0,0,0,0,3,0.559886693,3,3,4,3,4,4
111,8,2,1,0,0,0,0,0,3,0.482883224,5,4,5,4,5,3
221,7,2,1,0,0,0,0,0,3,0.430737333,3,2,5,3,4,3
203,7,2,1,0,0,0,0,0,3,0.264980131,3,2,5,4,5,2
225,1,2,1,0,0,0,0,0,3,0.221687317,4,2,4,2,4,4
209,7,2,1,0,0,0,0,0,3,0.154819012,3,2,4,2,5,3
217,7,2,1,0,0,0,0,0,3,0.127376235,3,2,4,3,4,4
119,5,2,1,0,0,0,0,0,3,-0.219094392,5,4,4,3,4,3
229,7,2,1,0,0,0,0,0,3,-1.243435274,4,2,2,3,2,2
223,7,2,1,0,0,0,0,0,3,-1.384756227,3,2,4,3,4,4
102,2,2,0,0,0,0,1,0,2,1.615349099,4,3,4,3,3,3
106,2,2,0,0,0,0,1,0,2,0.810073508,4,4,4,4,4,3
108,4,2,0,0,0,0,1,0,2,0.087641902,5,3,3,4,5,3
118,6,2,0,0,0,0,1,0,2,0.361490212,4,3,5,4,5,5
204,8,2,0,0,0,0,1,0,2,-0.268008405,4,2,5,2,4,3
208,3,2,0,0,0,0,1,0,2,1.404178556,3,1,3,2,4,4
212,6,2,0,0,0,0,1,0,2,-0.546713823,3,2,4,3,3,2
214,5,2,0,0,0,0,1,0,2,1.531197212,3,3,4,3,3,3
216,4,2,0,0,0,0,1,0,2,-0.839463257,4,2,4,2,3,2
218,7,2,0,0,0,0,1,0,2,-0.131994258,4,3,4,3,3,4
222,2,2,0,0,0,0,1,0,2,1.681223981,4,3,3,3,3,3
224,6,2,0,0,0,0,1,0,2,-0.78552779,4,4,3,3,3,3
228,2,2,0,0,0,0,1,0,2,-0.778030842,4,2,4,4,4,4
232,6,2,0,0,0,0,1,0,2,0.193662797,4,4,3,4,4,3
234,6,2,0,0,0,0,1,0,2,-1.242956836,5,4,5,3,3,4
236,4,2,0,0,0,0,1,0,2,-0.867754065,3,2,3,3,4,4
238,5,2,0,0,0,0,1,0,2,-1.001641917,4,3,5,4,4,3
240,1,2,0,0,0,0,1,0,2,-0.720475177,4,2,4,3,4,5
103,5,2,1,0,0,0,0,0,2,1.961701032,4,2,4,5,5,4
211,6,2,1,0,0,0,0,0,2,1.171913234,3,4,3,3,4,4
113,6,2,1,0,0,0,0,0,2,1.047275204,4,4,4,4,4,3
205,7,2,1,0,0,0,0,0,2,0.91304191,1,3,4,1,5,1
101,3,2,1,0,0,0,0,0,2,0.840721678,4,5,5,5,5,4
201,1,2,1,0,0,0,0,0,2,0.239773208,4,1,4,3,4,3
219,8,2,1,0,0,0,0,0,2,0.218384109,3,4,4,3,5,2
117,1,2,1,0,0,0,0,0,2,0.195698643,5,4,4,4,5,4
107,3,2,1,0,0,0,0,0,2,-0.135273661,5,4,4,4,5,4
213,1,2,1,0,0,0,0,0,2,-0.152380141,2,1,2,2,4,3
104,5,2,0,0,0,0,1,0,1,0.08705742,4,3,3,3,3,2
110,4,2,0,0,0,0,1,0,1,-0.658159627,5,5,4,3,4,3
202,2,2,0,0,0,0,1,0,1,1.163788574,4,3,3,3,3,3
210,3,2,0,0,0,0,1,0,1,-0.513929635,3,2,4,4,3,3
233,7,2,1,0,0,0,0,0,1,0.209042875,3,2,3,2,2,2
233,2,3,0,1,0,0,0,0,4,-0.038005899,3,2,3,2,2,2
211,3,3,0,1,0,0,0,0,4,-0.462647669,3,4,3,3,4,4
105,4,3,0,1,0,0,0,0,4,-0.58354411,3,4,4,2,4,4
227,7,3,0,1,0,0,0,0,4,-0.87841382,5,4,3,2,4,4
202,5,3,0,0,0,0,0,1,3,0.586246385,4,3,3,3,3,3
212,1,3,0,0,0,0,0,1,3,0.284604575,3,2,4,3,3,2
214,4,3,0,0,0,0,0,1,3,2.489819503,3,3,4,3,3,3
218,5,3,0,0,0,0,0,1,3,0.735140653,4,3,4,3,3,4
222,5,3,0,0,0,0,0,1,3,0.247788088,4,3,3,3,3,3
224,1,3,0,0,0,0,0,1,3,-0.558590865,4,4,3,3,3,3
226,2,3,0,0,0,0,0,1,3,1.082050141,2,2,4,1,3,2
236,5,3,0,0,0,0,0,1,3,-0.5151195,3,2,3,3,4,4
225,5,3,0,1,0,0,0,0,3,2.740137735,4,2,4,2,4,4
241,1,3,0,1,0,0,0,0,3,1.236707579,3,3,4,3,4,4
239,3,3,0,1,0,0,0,0,3,0.828237535,4,3,4,3,3,3
231,7,3,0,1,0,0,0,0,3,0.728759566,3,1,5,3,4,3
115,8,3,0,1,0,0,0,0,3,0.659649495,4,5,4,3,4,4
207,3,3,0,1,0,0,0,0,3,-0.077066215,4,3,4,3,4,3
213,7,3,0,1,0,0,0,0,3,-0.083372381,2,1,2,2,4,3
102,8,3,0,0,0,0,0,1,2,0.256867798,4,3,4,3,3,3
106,7,3,0,0,0,0,0,1,2,-0.005705515,4,4,4,4,4,3
108,2,3,0,0,0,0,0,1,2,0.354711074,5,3,3,4,5,3
110,6,3,0,0,0,0,0,1,2,-0.223890416,5,5,4,3,4,3
112,3,3,0,0,0,0,0,1,2,1.133027182,5,5,5,5,5,3
116,6,3,0,0,0,0,0,1,2,0.267896638,4,4,4,3,4,3
118,1,3,0,0,0,0,0,1,2,1.310201932,4,3,5,4,5,5
204,2,3,0,0,0,0,0,1,2,-0.256612375,4,2,5,2,4,3
208,8,3,0,0,0,0,0,1,2,1.220019348,3,1,3,2,4,4
216,3,3,0,0,0,0,0,1,2,0.065344474,4,2,4,2,3,2
220,2,3,0,0,0,0,0,1,2,0.388525998,4,3,2,2,4,2
230,3,3,0,0,0,0,0,1,2,0.309574157,2,1,4,1,4,1
238,1,3,0,0,0,0,0,1,2,-0.655750284,4,3,5,4,4,3
240,7,3,0,0,0,0,0,1,2,-1.132410732,4,2,4,3,4,5
215,1,3,0,1,0,0,0,0,2,1.851379226,3,1,2,3,5,4
235,7,3,0,1,0,0,0,0,2,1.375714892,4,3,4,2,4,3
113,4,3,0,1,0,0,0,0,2,1.317735998,4,4,4,4,4,3
223,4,3,0,1,0,0,0,0,2,1.28201511,3,2,4,3,4,4
217,6,3,0,1,0,0,0,0,2,0.869455376,3,2,4,3,4,4
219,5,3,0,1,0,0,0,0,2,0.530606465,3,4,4,3,5,2
103,3,3,0,1,0,0,0,0,2,0.483790468,4,2,4,5,5,4
109,3,3,0,1,0,0,0,0,2,0.344776256,4,2,4,4,3,4
237,8,3,0,1,0,0,0,0,2,0.187411603,5,4,4,5,4,3
229,8,3,0,1,0,0,0,0,2,0.076312275,4,2,2,3,2,2
209,1,3,0,1,0,0,0,0,2,-0.025345171,3,2,4,2,5,3
107,8,3,0,1,0,0,0,0,2,-0.300446889,5,4,4,4,5,4
104,4,3,0,0,0,0,0,1,1,0.456991702,4,3,3,3,3,2
114,4,3,0,0,0,0,0,1,1,-1.066032382,4,4,5,3,5,3
206,3,3,0,0,0,0,0,1,1,0.980124658,4,3,5,5,4,2
210,1,3,0,0,0,0,0,1,1,0.724629511,3,2,4,4,3,3
228,5,3,0,0,0,0,0,1,1,0.105681689,4,2,4,4,4,4
232,2,3,0,0,0,0,0,1,1,-0.435896279,4,4,3,4,4,3
234,3,3,0,0,0,0,0,1,1,-0.140048201,5,4,5,3,3,4
117,4,3,0,1,0,0,0,0,1,1.222402019,5,4,4,4,5,4
201,5,3,0,1,0,0,0,0,1,0.790538137,4,1,4,3,4,3
221,2,3,0,1,0,0,0,0,1,0.70966227,3,2,5,3,4,3
205,2,3,0,1,0,0,0,0,1,0.433563466,1,3,4,1,5,1
101,1,3,0,1,0,0,0,0,1,0.178190888,4,5,5,5,5,4
111,1,3,0,1,0,0,0,0,1,0.174822338,5,4,5,4,5,3
203,5,3,0,1,0,0,0,0,1,0.019196495,3,2,5,4,5,2
119,4,3,0,1,0,0,0,0,1,-0.366109238,5,4,4,3,4,3
214,6,4,0,1,0,0,0,0,4,0.929332872,3,3,4,3,3,3
216,6,4,0,1,0,0,0,0,4,0.358988814,4,2,4,2,3,2
222,8,4,0,1,0,0,0,0,4,0.324081895,4,3,3,3,3,3
204,5,4,0,1,0,0,0,0,4,0.113863269,4,2,5,2,4,3
210,6,4,0,1,0,0,0,0,4,-0.347535637,3,2,4,4,3,3
118,8,4,0,1,0,0,0,0,4,-0.413619422,4,3,5,4,5,5
102,1,4,0,1,0,0,0,0,3,1.256051901,4,3,4,3,3,3
228,4,4,0,1,0,0,0,0,3,0.946578701,4,2,4,4,4,4
112,2,4,0,1,0,0,0,0,3,0.863802726,5,5,5,5,5,3
238,8,4,0,1,0,0,0,0,3,0.53388034,4,3,5,4,4,3
234,8,4,0,1,0,0,0,0,3,0.466482495,5,4,5,3,3,4
232,5,4,0,1,0,0,0,0,3,0.454900298,4,4,3,4,4,3
220,7,4,0,1,0,0,0,0,3,0.020661102,4,3,2,2,4,2
218,6,4,0,1,0,0,0,0,3,0.008328152,4,3,4,3,3,4
116,1,4,0,1,0,0,0,0,3,-0.014641539,4,4,4,3,4,3
236,2,4,0,1,0,0,0,0,3,-0.148577887,3,2,3,3,4,4
240,8,4,0,1,0,0,0,0,3,-1.857789623,4,2,4,3,4,5
105,2,4,0,0,0,0,0,1,3,1.018882017,3,4,4,2,4,4
209,2,4,0,0,0,0,0,1,3,0.323855217,3,2,4,2,5,3
213,4,4,0,0,0,0,0,1,3,0.689773411,2,1,2,2,4,3
223,8,4,0,0,0,0,0,1,3,0.352086148,3,2,4,3,4,4
227,1,4,0,0,0,0,0,1,3,1.821352427,5,4,3,2,4,4
231,6,4,0,0,0,0,0,1,3,0.332705313,3,1,5,3,4,3
208,1,4,0,1,0,0,0,0,2,2.748815199,3,1,3,2,4,4
202,7,4,0,1,0,0,0,0,2,2.189079733,4,3,3,3,3,3
230,2,4,0,1,0,0,0,0,2,1.577167303,2,1,4,1,4,1
226,5,4,0,1,0,0,0,0,2,1.534629214,2,2,4,1,3,2
110,3,4,0,1,0,0,0,0,2,1.496934474,5,5,4,3,4,3
108,3,4,0,1,0,0,0,0,2,1.082590898,5,3,3,4,5,3
106,5,4,0,1,0,0,0,0,2,0.774520792,4,4,4,4,4,3
206,6,4,0,1,0,0,0,0,2,0.682014452,4,3,5,5,4,2
114,5,4,0,1,0,0,0,0,2,0.442803249,4,4,5,3,5,3
212,7,4,0,1,0,0,0,0,2,0.294716978,3,2,4,3,3,2
101,6,4,0,0,0,0,0,1,2,1.421750519,4,5,5,5,5,4
107,4,4,0,0,0,0,0,1,2,-0.378718542,5,4,4,4,5,4
117,2,4,0,0,0,0,0,1,2,-0.512391353,5,4,4,4,5,4
119,7,4,0,0,0,0,0,1,2,-0.053874689,5,4,4,3,4,3
215,4,4,0,0,0,0,0,1,2,1.62544043,3,1,2,3,5,4
217,2,4,0,0,0,0,0,1,2,-0.122255688,3,2,4,3,4,4
221,5,4,0,0,0,0,0,1,2,0.686449428,3,2,5,3,4,3
225,4,4,0,0,0,0,0,1,2,1.330753431,4,2,4,2,4,4
229,2,4,0,0,0,0,0,1,2,-0.000228091,4,2,2,3,2,2
233,8,4,0,0,0,0,0,1,2,-0.471366576,3,2,3,2,2,2
235,5,4,0,0,0,0,0,1,2,1.497269294,4,3,4,2,4,3
237,4,4,0,0,0,0,0,1,2,1.09646859,5,4,4,5,4,3
239,6,4,0,0,0,0,0,1,2,1.69068769,4,3,4,3,3,3
241,4,4,0,0,0,0,0,1,2,0.280320014,3,3,4,3,4,4
224,3,4,0,1,0,0,0,0,1,0.478641398,4,4,3,3,3,3
104,7,4,0,1,0,0,0,0,1,0.299725889,4,3,3,3,3,2
103,6,4,0,0,0,0,0,1,1,1.413366014,4,2,4,5,5,4
109,6,4,0,0,0,0,0,1,1,0.435966289,4,2,4,4,3,4
111,6,4,0,0,0,0,0,1,1,-0.322692912,5,4,5,4,5,3
113,3,4,0,0,0,0,0,1,1,-0.745211441,4,4,4,4,4,3
115,4,4,0,0,0,0,0,1,1,-3.058967613,4,5,4,3,4,4
201,8,4,0,0,0,0,0,1,1,0.342951941,4,1,4,3,4,3
203,8,4,0,0,0,0,0,1,1,0.084581831,3,2,5,4,5,2
205,5,4,0,0,0,0,0,1,1,-0.482532406,1,3,4,1,5,1
207,8,4,0,0,0,0,0,1,1,-0.40164977,4,3,4,3,4,3
211,2,4,0,0,0,0,0,1,1,1.801180773,3,4,3,3,4,4
219,4,4,0,0,0,0,0,1,1,-0.899894412,3,4,4,3,5,2
221,8,5,0,1,0,0,0,0,4,-0.537855826,3,2,5,3,4,3
229,6,5,0,1,0,0,0,0,4,-1.034892008,4,2,2,3,2,2
228,3,5,0,0,0,1,0,0,3,-0.555557762,4,2,4,4,4,4
236,3,5,0,0,0,1,0,0,3,-0.535437066,3,2,3,3,4,4
105,5,5,0,1,0,0,0,0,3,0.552370047,3,4,4,2,4,4
207,6,5,0,1,0,0,0,0,3,0.465767873,4,3,4,3,4,3
217,4,5,0,1,0,0,0,0,3,0.379634103,3,2,4,3,4,4
109,8,5,0,1,0,0,0,0,3,-0.478300392,4,2,4,4,3,4
233,4,5,0,1,0,0,0,0,3,-0.596417562,3,2,3,2,2,2
115,7,5,0,1,0,0,0,0,3,-1.246669141,4,5,4,3,4,4
223,3,5,0,1,0,0,0,0,3,-2.173975692,3,2,4,3,4,4
108,1,5,0,0,0,1,0,0,2,-1.20231232,5,3,3,4,5,3
116,7,5,0,0,0,1,0,0,2,-0.660573247,4,4,4,3,4,3
118,5,5,0,0,0,1,0,0,2,-0.35878664,4,3,5,4,5,5
202,3,5,0,0,0,1,0,0,2,-0.687807177,4,3,3,3,3,3
212,4,5,0,0,0,1,0,0,2,1.008827781,3,2,4,3,3,2
214,2,5,0,0,0,1,0,0,2,-0.161257647,3,3,4,3,3,3
216,7,5,0,0,0,1,0,0,2,-1.554613102,4,2,4,2,3,2
218,2,5,0,0,0,1,0,0,2,0.053918909,4,3,4,3,3,4
222,3,5,0,0,0,1,0,0,2,-0.96196886,4,3,3,3,3,3
226,8,5,0,0,0,1,0,0,2,-0.368621762,2,2,4,1,3,2
238,3,5,0,0,0,1,0,0,2,-1.294259271,4,3,5,4,4,3
240,5,5,0,0,0,1,0,0,2,-0.71203196,4,2,4,3,4,5
113,1,5,0,1,0,0,0,0,2,1.953120205,4,4,4,4,4,3
215,8,5,0,1,0,0,0,0,2,1.893074466,3,1,2,3,5,4
235,4,5,0,1,0,0,0,0,2,1.760862859,4,3,4,2,4,3
239,8,5,0,1,0,0,0,0,2,1.531585882,4,3,4,3,3,3
205,6,5,0,1,0,0,0,0,2,1.190317873,1,3,4,1,5,1
101,2,5,0,1,0,0,0,0,2,0.958548013,4,5,5,5,5,4
211,1,5,0,1,0,0,0,0,2,0.826619981,3,4,3,3,4,4
227,5,5,0,1,0,0,0,0,2,0.47958517,5,4,3,2,4,4
107,5,5,0,1,0,0,0,0,2,0.02316146,5,4,4,4,5,4
111,5,5,0,1,0,0,0,0,2,-0.09078381,5,4,5,4,5,3
237,2,5,0,1,0,0,0,0,2,-0.108062832,5,4,4,5,4,3
203,3,5,0,1,0,0,0,0,2,-0.206201091,3,2,5,4,5,2
219,2,5,0,1,0,0,0,0,2,-0.277970652,3,4,4,3,5,2
117,3,5,0,1,0,0,0,0,2,-0.447173071,5,4,4,4,5,4
231,5,5,0,1,0,0,0,0,2,-0.506742631,3,1,5,3,4,3
119,6,5,0,1,0,0,0,0,2,-0.841509134,5,4,4,3,4,3
102,4,5,0,0,0,1,0,0,1,-0.044083575,4,3,4,3,3,3
104,6,5,0,0,0,1,0,0,1,-0.863947777,4,3,3,3,3,2
106,3,5,0,0,0,1,0,0,1,-1.018976518,4,4,4,4,4,3
110,1,5,0,0,0,1,0,0,1,-0.7907489,5,5,4,3,4,3
112,7,5,0,0,0,1,0,0,1,-1.147042351,5,5,5,5,5,3
114,1,5,0,0,0,1,0,0,1,-1.3741789,4,4,5,3,5,3
204,4,5,0,0,0,1,0,0,1,-0.241469291,4,2,5,2,4,3
206,8,5,0,0,0,1,0,0,1,-1.443340536,4,3,5,5,4,2
208,6,5,0,0,0,1,0,0,1,-0.521084492,3,1,3,2,4,4
210,8,5,0,0,0,1,0,0,1,-0.467439529,3,2,4,4,3,3
220,3,5,0,0,0,1,0,0,1,-0.330373237,4,3,2,2,4,2
224,4,5,0,0,0,1,0,0,1,-1.615668956,4,4,3,3,3,3
230,4,5,0,0,0,1,0,0,1,-0.315297513,2,1,4,1,4,1
232,3,5,0,0,0,1,0,0,1,-0.410763022,4,4,3,4,4,3
234,5,5,0,0,0,1,0,0,1,-1.046227514,5,4,5,3,3,4
225,7,5,0,1,0,0,0,0,1,1.707809424,4,2,4,2,4,4
103,8,5,0,1,0,0,0,0,1,1.633656054,4,2,4,5,5,4
201,2,5,0,1,0,0,0,0,1,-0.046561961,4,1,4,3,4,3
209,4,5,0,1,0,0,0,0,1,-1.280298126,3,2,4,2,5,3
213,3,5,0,1,0,0,0,0,1,-1.33101396,2,1,2,2,4,3
241,8,5,0,1,0,0,0,0,1,-1.453633978,3,3,4,3,4,4
214,8,6,0,1,0,0,0,0,4,0.536467926,3,3,4,3,3,3
234,4,6,0,1,0,0,0,0,4,0.226444498,5,4,5,3,3,4
228,6,6,0,1,0,0,0,0,4,0.183856462,4,2,4,4,4,4
213,8,6,0,0,0,1,0,0,4,0.13673003,2,1,2,2,4,3
220,6,6,0,1,0,0,0,0,3,1.571473236,4,3,2,2,4,2
102,3,6,0,1,0,0,0,0,3,1.512708686,4,3,4,3,3,3
204,1,6,0,1,0,0,0,0,3,1.143882304,4,2,5,2,4,3
202,1,6,0,1,0,0,0,0,3,1.133673024,4,3,3,3,3,3
210,2,6,0,1,0,0,0,0,3,1.088718844,3,2,4,4,3,3
218,8,6,0,1,0,0,0,0,3,0.664804933,4,3,4,3,3,4
112,8,6,0,1,0,0,0,0,3,0.509939497,5,5,5,5,5,3
222,6,6,0,1,0,0,0,0,3,0.225185668,4,3,3,3,3,3
238,6,6,0,1,0,0,0,0,3,0.089214258,4,3,5,4,4,3
236,7,6,0,1,0,0,0,0,3,0.010090067,3,2,3,3,4,4
216,2,6,0,1,0,0,0,0,3,-0.172423048,4,2,4,2,3,2
212,8,6,0,1,0,0,0,0,3,-0.577812578,3,2,4,3,3,2
224,2,6,0,1,0,0,0,0,3,-1.107286445,4,4,3,3,3,3
105,3,6,0,0,0,1,0,0,3,0.878506308,3,4,4,2,4,4
115,6,6,0,0,0,1,0,0,3,0.128205446,4,5,4,3,4,4
119,2,6,0,0,0,1,0,0,3,-1.0083681,5,4,4,3,4,3
209,6,6,0,0,0,1,0,0,3,-0.293825583,3,2,4,2,5,3
225,2,6,0,0,0,1,0,0,3,2.213605822,4,2,4,2,4,4
229,1,6,0,0,0,1,0,0,3,-0.133157012,4,2,2,3,2,2
235,1,6,0,0,0,1,0,0,3,1.805775414,4,3,4,2,4,3
239,7,6,0,0,0,1,0,0,3,1.740979724,4,3,4,3,3,3
241,7,6,0,0,0,1,0,0,3,0.700957297,3,3,4,3,4,4
208,7,6,0,1,0,0,0,0,2,2.751898207,3,1,3,2,4,4
230,8,6,0,1,0,0,0,0,2,1.606904131,2,1,4,1,4,1
106,4,6,0,1,0,0,0,0,2,1.239870539,4,4,4,4,4,3
110,7,6,0,1,0,0,0,0,2,1.048495379,5,5,4,3,4,3
116,2,6,0,1,0,0,0,0,2,0.982664001,4,4,4,3,4,3
240,6,6,0,1,0,0,0,0,2,0.697229975,4,2,4,3,4,5
206,7,6,0,1,0,0,0,0,2,0.471033642,4,3,5,5,4,2
108,7,6,0,1,0,0,0,0,2,0.223640995,5,3,3,4,5,3
103,7,6,0,0,0,1,0,0,2,0.741436352,4,2,4,5,5,4
107,2,6,0,0,0,1,0,0,2,0.188664143,5,4,4,4,5,4
109,5,6,0,0,0,1,0,0,2,0.686044214,4,2,4,4,3,4
117,8,6,0,0,0,1,0,0,2,-0.390551063,5,4,4,4,5,4
207,1,6,0,0,0,1,0,0,2,0.35278909,4,3,4,3,4,3
211,7,6,0,0,0,1,0,0,2,0.3808303,3,4,3,3,4,4
217,3,6,0,0,0,1,0,0,2,-0.494480184,3,2,4,3,4,4
227,3,6,0,0,0,1,0,0,2,0.527292156,5,4,3,2,4,4
231,8,6,0,0,0,1,0,0,2,-0.126247961,3,1,5,3,4,3
237,6,6,0,0,0,1,0,0,2,0.804353764,5,4,4,5,4,3
104,1,6,0,1,0,0,0,0,1,2.028066226,4,3,3,3,3,2
118,3,6,0,1,0,0,0,0,1,1.009626646,4,3,5,4,5,5
226,7,6,0,1,0,0,0,0,1,0.742547605,2,2,4,1,3,2
232,4,6,0,1,0,0,0,0,1,0.203976751,4,4,3,4,4,3
114,7,6,0,1,0,0,0,0,1,-0.420982786,4,4,5,3,5,3
101,4,6,0,0,0,1,0,0,1,0.457539735,4,5,5,5,5,4
111,2,6,0,0,0,1,0,0,1,-0.743968026,5,4,5,4,5,3
113,7,6,0,0,0,1,0,0,1,-0.581777987,4,4,4,4,4,3
201,7,6,0,0,0,1,0,0,1,-2.559025415,4,1,4,3,4,3
203,1,6,0,0,0,1,0,0,1,1.084687,3,2,5,4,5,2
205,4,6,0,0,0,1,0,0,1,-0.898686944,1,3,4,1,5,1
215,5,6,0,0,0,1,0,0,1,1.031626846,3,1,2,3,5,4
219,7,6,0,0,0,1,0,0,1,-0.266666159,3,4,4,3,5,2
221,4,6,0,0,0,1,0,0,1,0.223315577,3,2,5,3,4,3
223,1,6,0,0,0,1,0,0,1,0.738849172,3,2,4,3,4,4
233,5,6,0,0,0,1,0,0,1,-0.464872771,3,2,3,2,2,2
116,3,7,1,0,0,0,0,0,4,1.579420262,4,4,4,3,4,3
228,8,7,1,0,0,0,0,0,4,0.101105117,4,2,4,4,4,4
112,5,7,1,0,0,0,0,0,4,-0.003877254,5,5,5,5,5,3
238,7,7,1,0,0,0,0,0,4,-0.178586921,4,3,5,4,4,3
220,5,7,1,0,0,0,0,0,4,-0.385576497,4,3,2,2,4,2
218,4,7,1,0,0,0,0,0,4,-0.420786783,4,3,4,3,3,4
118,4,7,1,0,0,0,0,0,4,-0.437548777,4,3,5,4,5,5
216,8,7,1,0,0,0,0,0,4,-0.437614919,4,2,4,2,3,2
236,6,7,1,0,0,0,0,0,4,-0.575980649,3,2,3,3,4,4
204,3,7,1,0,0,0,0,0,4,-0.655517348,4,2,5,2,4,3
240,4,7,1,0,0,0,0,0,4,-0.982944186,4,2,4,3,4,5
105,7,7,0,0,1,0,0,0,4,-0.177821737,3,4,4,2,4,4
208,2,7,1,0,0,0,0,0,3,1.7467112,3,1,3,2,4,4
106,8,7,1,0,0,0,0,0,3,0.565275597,4,4,4,4,4,3
222,1,7,1,0,0,0,0,0,3,0.381482328,4,3,3,3,3,3
224,5,7,1,0,0,0,0,0,3,0.232236319,4,4,3,3,3,3
110,2,7,1,0,0,0,0,0,3,0.223925672,5,5,4,3,4,3
108,6,7,1,0,0,0,0,0,3,0.12724526,5,3,3,4,5,3
234,1,7,1,0,0,0,0,0,3,0.04985789,5,4,5,3,3,4
102,5,7,1,0,0,0,0,0,3,-0.047504934,4,3,4,3,3,3
226,3,7,1,0,0,0,0,0,3,-0.284987907,2,2,4,1,3,2
214,3,7,1,0,0,0,0,0,3,-0.399911625,3,3,4,3,3,3
210,4,7,1,0,0,0,0,0,3,-0.425105403,3,2,4,4,3,3
114,3,7,1,0,0,0,0,0,3,-0.660495321,4,4,5,3,5,3
101,5,7,0,0,1,0,0,0,3,1.215339521,4,5,5,5,5,4
103,2,7,0,0,1,0,0,0,3,0.333193216,4,2,4,5,5,4
107,6,7,0,0,1,0,0,0,3,0.383111032,5,4,4,4,5,4
111,3,7,0,0,1,0,0,0,3,-0.919832547,5,4,5,4,5,3
203,2,7,0,0,1,0,0,0,3,0.863065898,3,2,5,4,5,2
209,8,7,0,0,1,0,0,0,3,-0.161257647,3,2,4,2,5,3
211,8,7,0,0,1,0,0,0,3,-0.222252224,3,4,3,3,4,4
215,2,7,0,0,1,0,0,0,3,0.243866699,3,1,2,3,5,4
219,6,7,0,0,1,0,0,0,3,0.936960513,3,4,4,3,5,2
225,3,7,0,0,1,0,0,0,3,0.483017669,4,2,4,2,4,4
231,2,7,0,0,1,0,0,0,3,-1.267330853,3,1,5,3,4,3
235,2,7,0,0,1,0,0,0,3,0.79425922,4,3,4,2,4,3
239,1,7,0,0,1,0,0,0,3,0.33033838,4,3,4,3,3,3
202,4,7,1,0,0,0,0,0,2,0.439267592,4,3,3,3,3,3
212,5,7,1,0,0,0,0,0,2,0.063469746,3,2,4,3,3,2
230,1,7,1,0,0,0,0,0,2,-0.122885268,2,1,4,1,4,1
206,2,7,1,0,0,0,0,0,2,-0.496827118,4,3,5,5,4,2
109,7,7,0,0,1,0,0,0,2,-0.429898087,4,2,4,4,3,4
113,2,7,0,0,1,0,0,0,2,-0.404874435,4,4,4,4,4,3
115,1,7,0,0,1,0,0,0,2,-0.853490187,4,5,4,3,4,4
117,5,7,0,0,1,0,0,0,2,-0.554404072,5,4,4,4,5,4
119,3,7,0,0,1,0,0,0,2,-1.07879697,5,4,4,3,4,3
201,4,7,0,0,1,0,0,0,2,-1.196868085,4,1,4,3,4,3
205,1,7,0,0,1,0,0,0,2,-0.721371283,1,3,4,1,5,1
207,7,7,0,0,1,0,0,0,2,-0.911091187,4,3,4,3,4,3
213,2,7,0,0,1,0,0,0,2,-1.05317846,2,1,2,2,4,3
217,1,7,0,0,1,0,0,0,2,-0.113055178,3,2,4,3,4,4
227,8,7,0,0,1,0,0,0,2,-0.627318381,5,4,3,2,4,4
229,4,7,0,0,1,0,0,0,2,-0.513370058,4,2,2,3,2,2
233,1,7,0,0,1,0,0,0,2,-0.668388445,3,2,3,2,2,2
237,1,7,0,0,1,0,0,0,2,-1.609234985,5,4,4,5,4,3
104,3,7,1,0,0,0,0,0,1,1.130169299,4,3,3,3,3,2
232,7,7,1,0,0,0,0,0,1,-0.289547856,4,4,3,4,4,3
221,6,7,0,0,1,0,0,0,1,-1.005151444,3,2,5,3,4,3
223,2,7,0,0,1,0,0,0,1,-0.742394663,3,2,4,3,4,4
241,6,7,0,0,1,0,0,0,1,0.663275071,3,3,4,3,4,4
240,3,8,0,0,1,0,0,0,4,-1.745464388,4,2,4,3,4,5
211,4,8,1,0,0,0,0,0,4,-0.144839564,3,4,3,3,4,4
237,7,8,1,0,0,0,0,0,4,-1.218542097,5,4,4,5,4,3
118,7,8,0,0,1,0,0,0,3,-0.993554438,4,3,5,4,5,5
202,6,8,0,0,1,0,0,0,3,-0.328357527,4,3,3,3,3,3
218,1,8,0,0,1,0,0,0,3,-1.073085568,4,3,4,3,3,4
235,6,8,1,0,0,0,0,0,3,2.270617704,4,3,4,2,4,3
213,5,8,1,0,0,0,0,0,3,0.823666901,2,1,2,2,4,3
113,8,8,1,0,0,0,0,0,3,0.76706825,4,4,4,4,4,3
225,6,8,1,0,0,0,0,0,3,0.581127742,4,2,4,2,4,4
241,5,8,1,0,0,0,0,0,3,0.550964031,3,3,4,3,4,4
115,3,8,1,0,0,0,0,0,3,0.43038802,4,5,4,3,4,4
107,7,8,1,0,0,0,0,0,3,0.400684967,5,4,4,4,5,4
203,4,8,1,0,0,0,0,0,3,0.226647426,3,2,5,4,5,2
109,4,8,1,0,0,0,0,0,3,-0.157753526,4,2,4,4,3,4
231,3,8,1,0,0,0,0,0,3,-0.27380107,3,1,5,3,4,3
229,3,8,1,0,0,0,0,0,3,-0.488836542,4,2,2,3,2,2
223,6,8,1,0,0,0,0,0,3,-0.588338909,3,2,4,3,4,4
221,3,8,1,0,0,0,0,0,3,-0.744631039,3,2,5,3,4,3
201,6,8,1,0,0,0,0,0,3,-0.757959651,4,1,4,3,4,3
111,4,8,1,0,0,0,0,0,3,-0.879328798,5,4,5,4,5,3
219,3,8,1,0,0,0,0,0,3,-0.883729284,3,4,4,3,5,2
227,4,8,1,0,0,0,0,0,3,-1.178610292,5,4,3,2,4,4
233,3,8,1,0,0,0,0,0,3,-1.617715368,3,2,3,2,2,2
102,7,8,0,0,1,0,0,0,2,0.34392025,4,3,4,3,3,3
106,6,8,0,0,1,0,0,0,2,-1.125372887,4,4,4,4,4,3
108,8,8,0,0,1,0,0,0,2,-0.884188488,5,3,3,4,5,3
112,4,8,0,0,1,0,0,0,2,-0.654275697,5,5,5,5,5,3
208,5,8,0,0,1,0,0,0,2,0.343249955,3,1,3,2,4,4
212,2,8,0,0,1,0,0,0,2,-0.753696955,3,2,4,3,3,2
214,1,8,0,0,1,0,0,0,2,-0.080368219,3,3,4,3,3,3
216,5,8,0,0,1,0,0,0,2,-0.986405726,4,2,4,2,3,2
220,1,8,0,0,1,0,0,0,2,0.346858195,4,3,2,2,4,2
222,7,8,0,0,1,0,0,0,2,-1.362507502,4,3,3,3,3,3
224,8,8,0,0,1,0,0,0,2,-1.687200781,4,4,3,3,3,3
226,4,8,0,0,1,0,0,0,2,-0.520662575,2,2,4,1,3,2
228,7,8,0,0,1,0,0,0,2,-0.156838551,4,2,4,4,4,4
232,1,8,0,0,1,0,0,0,2,-0.45344886,4,4,3,4,4,3
234,2,8,0,0,1,0,0,0,2,-1.814322807,5,4,5,3,3,4
236,1,8,0,0,1,0,0,0,2,-0.537499856,3,2,3,3,4,4
238,2,8,0,0,1,0,0,0,2,-0.342468976,4,3,5,4,4,3
215,6,8,1,0,0,0,0,0,2,1.35751614,3,1,2,3,5,4
205,8,8,1,0,0,0,0,0,2,0.495729679,1,3,4,1,5,1
209,5,8,1,0,0,0,0,0,2,0.297686021,3,2,4,2,5,3
217,5,8,1,0,0,0,0,0,2,0.241460256,3,2,4,3,4,4
103,4,8,1,0,0,0,0,0,2,0.033351098,4,2,4,5,5,4
119,8,8,1,0,0,0,0,0,2,-0.099628,5,4,4,3,4,3
207,5,8,1,0,0,0,0,0,2,-0.368370301,4,3,4,3,4,3
104,8,8,0,0,1,0,0,0,1,0.357810091,4,3,3,3,3,2
110,5,8,0,0,1,0,0,0,1,-0.921058946,5,5,4,3,4,3
114,6,8,0,0,1,0,0,0,1,-2.063781077,4,4,5,3,5,3
116,5,8,0,0,1,0,0,0,1,-0.936721659,4,4,4,3,4,3
204,7,8,0,0,1,0,0,0,1,-1.161945785,4,2,5,2,4,3
206,5,8,0,0,1,0,0,0,1,-1.787465778,4,3,5,5,4,2
210,5,8,0,0,1,0,0,0,1,-0.154473236,3,2,4,4,3,3
230,6,8,0,0,1,0,0,0,1,0.253569478,2,1,4,1,4,1
105,6,8,1,0,0,0,0,0,1,1.150049487,3,4,4,2,4,4
101,8,8,1,0,0,0,0,0,1,0.879033889,4,5,5,5,5,4
239,5,8,1,0,0,0,0,0,1,0.841160816,4,3,4,3,3,3
117,6,8,1,0,0,0,0,0,1,0.28837161,5,4,4,4,5,4
